atom_id,study_id,domain,scenario,operation,method_label,target_flow_slot,target_atom_type,input_schema,output_schema,parameters,parameter_status,applicable_when,not_applicable_when,required_metadata_keys,required_user_confirmations,missing_for_execution,evidence_use,evidence_refs,confidence,readiness_status,review_required,notes
ATOM_data_import,builtin,data_import,general,data_import,Data Import,data_import_slot,data_import,"{""type"": ""raw_file_path""}","{""type"": ""RawData"", ""fields"": [""optical_density"", ""timestamps"", ""events""]}","{""device"": ""NIRx NIRScout"", ""wavelengths_nm"": ""760, 850"", ""sampling_rate_hz"": ""7.8"", ""channels_n"": ""32 (long) + 2 short"", ""sd_distance_mm"": ""30 (long); 8 (short)"", ""hrf_model"": ""fir""}","{""device"": ""reported"", ""wavelengths_nm"": ""reported"", ""sampling_rate_hz"": ""reported"", ""hrf_model"": ""inferred""}",{},{},[],[],,method_atom,synthesis_of_extracted_literature,medium,ready,true,Consolidated reusable atom from literature synthesis
ATOM_optical_density,builtin,preprocessing,general,optical_density_conversion,Optical Density Conversion,optical_density_conversion_slot,optical_density_conversion,"{""type"": ""RawData""}","{""type"": ""OpticalDensityData""}",{},{},{},{},[],[],,method_atom,synthesis_of_extracted_literature,medium,ready,true,Consolidated reusable atom from literature synthesis
ATOM_motion_correction,builtin,preprocessing,general,motion_correction,Motion Correction,motion_correction_slot,motion_correction,"{""type"": ""OpticalDensityData""}","{""type"": ""OpticalDensityData""}","{""method"": ""wavelet | spline | PCA | MARA | TDDR | manual"", ""domain"": ""wavelet""}","{""method"": ""candidate"", ""domain"": ""reported""}",{},{},[],[],,method_atom,synthesis_of_extracted_literature,medium,ready,true,Configurable: choose method (wavelet/spline/PCA/MARA/TDDR/manual)
ATOM_bandpass_filter,builtin,preprocessing,general,bandpass_filter,Bandpass Filter,bandpass_filter_slot,bandpass_filter,"{""type"": ""OpticalDensityData | HaemoglobinData""}","{""type"": ""same as input""}","{""low_hz"": ""0.01-0.5 (scenario-dependent)"", ""high_hz"": ""0.1-0.7 (scenario-dependent)"", ""type"": ""N.A."", ""filter_low_hz"": ""2.0"", ""filter_high_hz"": ""15.0"", ""filter_type"": ""bandpass"", ""filter_order"": ""not_reported""}","{""low_hz"": ""candidate"", ""high_hz"": ""candidate"", ""type"": ""reported"", ""filter_low_hz"": ""inferred"", ""filter_high_hz"": ""inferred"", ""filter_type"": ""inferred"", ""filter_order"": ""inferred""}",{},{},[],[],,method_atom,synthesis_of_extracted_literature,medium,ready,true,Consolidated reusable atom from literature synthesis
ATOM_short_channel_regression,builtin,physiology,general,short_channel_regression,Short Channel Regression,short_channel_regression_slot,short_channel_regression,"{""type"": ""HaemoglobinData""}","{""type"": ""HaemoglobinData""}","{""short_channel_distance_mm"": ""8-15"", ""selection_method"": ""nearest_short_channel"", ""regression_type"": ""linear""}","{""short_channel_distance_mm"": ""candidate"", ""selection_method"": ""candidate"", ""regression_type"": ""candidate""}",{},{},[],[],,method_atom,synthesis_of_extracted_literature,medium,ready,true,Consolidated reusable atom from literature synthesis
ATOM_mbll_conversion,builtin,preprocessing,general,mbll_conversion,Mbll Conversion,mbll_conversion_slot,mbll_conversion,"{""type"": ""OpticalDensityData""}","{""type"": ""HaemoglobinData""}",{},{},{},{},[],[],,method_atom,synthesis_of_extracted_literature,medium,ready,true,Consolidated reusable atom from literature synthesis
ATOM_signal_qc,builtin,qc,general,signal_quality_check,Signal Quality Check,signal_quality_check_slot,signal_quality_check,"{""type"": ""OpticalDensityData | HaemoglobinData""}","{""type"": ""QualityControlledData""}",{},{},{},{},[],[],,method_atom,synthesis_of_extracted_literature,medium,ready,true,Consolidated reusable atom from literature synthesis
ATOM_first_level_glm,builtin,analysis,general,first_level_glm,First Level Glm,first_level_glm_slot,first_level_glm,"{""type"": ""HaemoglobinData + DesignMatrix""}","{""type"": ""GLMResults""}","{""hrf_model"": ""not_applicable"", ""nuisance_regressors"": ""not_applicable"", ""multiple_comparison"": ""not_reported"", ""drift_order"": ""not_reported""}","{""hrf_model"": ""reported"", ""nuisance_regressors"": ""reported"", ""multiple_comparison"": ""missing"", ""drift_order"": ""inferred""}",{},{},[],[],,method_atom,synthesis_of_extracted_literature,medium,ready,true,Consolidated reusable atom from literature synthesis
ATOM_resting_connectivity,builtin,analysis,general,resting_connectivity,Resting Connectivity,resting_connectivity_slot,resting_connectivity,"{""type"": ""HaemoglobinData""}","{""type"": ""ConnectivityMatrix""}",{},{},{},{},[],[],,method_atom,synthesis_of_extracted_literature,medium,ready,true,Consolidated reusable atom from literature synthesis
ATOM_ml_feature_extraction,builtin,machine_learning,general,feature_extraction,Feature Extraction,feature_extraction_slot,feature_extraction,"{""type"": ""HaemoglobinData | ConnectivityMatrix""}","{""type"": ""FeatureMatrix""}",{},{},{},{},[],[],,method_atom,synthesis_of_extracted_literature,medium,ready,true,Consolidated reusable atom from literature synthesis
ATOM_ml_classification,builtin,machine_learning,general,classification,Classification,classification_slot,classification,"{""type"": ""FeatureMatrix""}","{""type"": ""ClassificationResults""}",{},{},{},{},[],[],,method_atom,synthesis_of_extracted_literature,medium,ready,true,Consolidated reusable atom from literature synthesis
ATOM_methods_report,builtin,reporting,general,methods_report_generation,Methods Report Generation,methods_report_generation_slot,methods_report_generation,"{""type"": ""ProcessingLog""}","{""type"": ""MethodsReportSection""}",{},{},{},{},[],[],,method_atom,synthesis_of_extracted_literature,medium,ready,true,Consolidated reusable atom from literature synthesis
ATOM_data_export,builtin,export,general,data_export,Data Export,data_export_slot,data_export,"{""type"": ""any""}","{""type"": ""ExportedFile""}",{},{},{},{},[],[],,method_atom,synthesis_of_extracted_literature,medium,ready,true,Consolidated reusable atom from literature synthesis
ATOM_descriptive_statistics,builtin,analysis,general,descriptive_statistics,Descriptive Statistics,descriptive_statistics_slot,descriptive_statistics,"{""type"": ""HaemoglobinData | GLMResults | ConnectivityMatrix | FeatureMatrix""}","{""type"": ""DescriptiveStatistics"", ""fields"": [""mean"", ""std"", ""median"", ""count"", ""per_condition"", ""per_channel"", ""per_roi""]}","{""grouping_variable"": ""condition"", ""summary_measures"": [""mean"", ""std"", ""median"", ""count"", ""min"", ""max""]}","{""grouping_variable"": ""candidate"", ""summary_measures"": ""candidate""}",{},{},[],[],,method_atom,synthesis_of_statistical_practices,high,ready,true,"Per-condition, per-channel, per-ROI summary statistics. Standard across all fNIRS studies."
ATOM_group_comparison,builtin,analysis,general,group_comparison,Group Comparison (t-test / ANOVA),group_comparison_slot,group_comparison,"{""type"": ""DescriptiveStatistics | HaemoglobinData"", ""fields"": [""group_variable"", ""dependent_variable""]}","{""type"": ""GroupComparisonResults"", ""fields"": [""test_statistic"", ""p_value"", ""effect_size"", ""confidence_interval""]}","{""test_type"": ""t-test | ANOVA | mixed ANOVA | non-parametric"", ""paired"": ""boolean"", ""alternative"": ""two-sided"", ""alpha"": 0.05}","{""test_type"": ""candidate"", ""paired"": ""candidate"", ""alternative"": ""candidate"", ""alpha"": ""candidate""}","{""has_groups"": true}",{},"[""group_variable""]",[],test_type,method_atom,synthesis_of_statistical_practices,high,ready,true,"Between-group or within-group comparison. Common: paired t-test, independent t-test, one-way ANOVA, repeated-measures ANOVA, mixed ANOVA. Non-parametric alternatives: Wilcoxon, Mann-Whitney, Kruskal-Wallis."
ATOM_effect_size,builtin,analysis,general,effect_size_calculation,Effect Size Calculation,effect_size_slot,effect_size,"{""type"": ""GroupComparisonResults | any test results""}","{""type"": ""EffectSizeResults"", ""fields"": [""effect_size_metric"", ""effect_size_value"", ""magnitude_interpretation"", ""confidence_interval""]}","{""metric"": ""Cohen_d | eta_squared | partial_eta_squared | omega_squared | Cliff_delta"", ""magnitude_thresholds"": {""small"": 0.2, ""medium"": 0.5, ""large"": 0.8}}","{""metric"": ""candidate"", ""magnitude_thresholds"": ""candidate""}",{},{},[],[],,method_atom,synthesis_of_statistical_practices,high,ready,true,"Cohen d for two-group comparisons, eta-squared for ANOVA. Report with 95% CI. Essential for meta-analysis and clinical significance."
ATOM_multiple_comparison_correction,builtin,analysis,general,multiple_comparison_correction,Multiple Comparison Correction,multiple_comparison_slot,multiple_comparison_correction,"{""type"": ""any test results"", ""fields"": [""p_values"", ""test_statistic""]}","{""type"": ""CorrectedResults"", ""fields"": [""corrected_p_values"", ""adjusted_alpha"", ""method"", ""significant_clusters""]}","{""method"": ""Bonferroni | FDR_BH | FDR_BY | FWE_cluster | FWE_threshold | permutation | NBS"", ""alpha"": 0.05, ""two_sided"": true}","{""method"": ""candidate"", ""alpha"": ""candidate"", ""two_sided"": ""candidate""}",{},{},[],[],,method_atom,synthesis_of_statistical_practices,high,ready,true,FDR (Benjamini-Hochberg) most common in fNIRS literature. Bonferroni conservative. Permutation/NBS for spatial extent. Cluster-based correction for topological analysis.
ATOM_roi_analysis,builtin,analysis,general,roi_analysis,ROI Analysis,roi_analysis_slot,roi_analysis,"{""type"": ""HaemoglobinData | GLMResults"", ""fields"": [""channel_data"", ""roi_definition""]}","{""type"": ""ROIResults"", ""fields"": [""roi_mean"", ""roi_activation"", ""roi_labels""]}","{""roi_method"": ""mean | median | pca | weighted_average"", ""roi_atlas"": ""anatomical | functional | custom"", ""extraction_method"": ""mean | peak | pca""}","{""roi_method"": ""candidate"", ""roi_atlas"": ""candidate"", ""extraction_method"": ""candidate""}","{""has_roi_definition"": true}",{},"[""roi_definition""]",[],roi_definition,method_atom,synthesis_of_statistical_practices,high,ready,true,"Aggregate channel-level data to anatomical ROIs (DLPFC, VLPFC, etc.). Mean or PCA extraction. Critical for group-level inference and comparison across studies."
ATOM_laterality_index,builtin,analysis,general,laterality_index,Laterality Index,laterality_slot,laterality_index,"{""type"": ""ROIResults | HaemoglobinData"", ""fields"": [""left_roi_activation"", ""right_roi_activation""]}","{""type"": ""LateralityResults"", ""fields"": [""laterality_index"", ""dominant_hemisphere"", ""bilateral_activation""]}","{""formula"": ""LI = (L-R)/(L+R)"", ""hemisphere_atlas"": ""anatomical | functional | custom"", ""interpretation_thresholds"": {""lateralized"": 0.2, ""bilateral"": [-0.2, 0.2]}}","{""formula"": ""candidate"", ""hemisphere_atlas"": ""candidate"", ""interpretation_thresholds"": ""candidate""}","{""has_bilateral_channels"": true}",{},"[""hemisphere_labels""]",[],,method_atom,synthesis_of_statistical_practices,medium,ready,true,"Left vs right hemisphere activation comparison. LI = (Left-Right)/(Left+Right). Positive = left lateralized, Negative = right lateralized, Near-zero = bilateral."
ATOM_correlation_analysis,builtin,analysis,general,correlation_analysis,Correlation Analysis,correlation_slot,correlation,"{""type"": ""any numeric data"", ""fields"": [""variable_x"", ""variable_y""]}","{""type"": ""CorrelationResults"", ""fields"": [""correlation_coefficient"", ""p_value"", ""confidence_interval"", ""r_squared""]}","{""method"": ""Pearson | Spearman | Kendall | partial_correlation"", ""alternative"": ""two-sided"", ""ci_level"": 0.95}","{""method"": ""candidate"", ""alternative"": ""candidate"", ""ci_level"": ""candidate""}",{},{},[],[],,method_atom,synthesis_of_statistical_practices,high,ready,true,"Bivariate or partial correlation between hemodynamic measures and behavioral/clinical variables. Pearson for linear, Spearman for monotonic."
ATOM_permutation_test,builtin,analysis,general,permutation_test,Permutation Test,permutation_slot,permutation_test,"{""type"": ""any test results"", ""fields"": [""observed_statistic"", ""group_labels""]}","{""type"": ""PermutationResults"", ""fields"": [""permutation_p_value"", ""null_distribution"", ""confidence_interval""]}","{""n_permutations"": 10000, ""test_type"": ""independent | paired | cluster"", ""correction"": ""max_stat | cluster | tfce"", ""seed"": ""reproducible_random_seed""}","{""n_permutations"": ""candidate"", ""test_type"": ""candidate"", ""correction"": ""candidate"", ""seed"": ""candidate""}",{},{},[],[],,method_atom,synthesis_of_statistical_practices,high,ready,true,Non-parametric significance testing. No distributional assumptions. Common for fNIRS spatial analysis. Cluster-based or TFCE correction.
ATOM_group_level_glm,builtin,analysis,general,group_level_glm,Group-Level GLM,group_glm_slot,group_level_glm,"{""type"": ""GLMResults[]"", ""fields"": [""subject_contrast_maps"", ""design_matrix_group""]}","{""type"": ""GroupGLMResults"", ""fields"": [""group_activation_map"", ""group_contrast"", ""random_effects""]}","{""model_type"": ""random_effects | mixed_effects | fixed_effects"", ""group_covariates"": ""age | sex | handedness | clinical_score"", ""contrast_type"": ""one_sample_t | two_sample_t | paired_t | regression""}","{""model_type"": ""candidate"", ""group_covariates"": ""candidate"", ""contrast_type"": ""candidate""}","{""n_subjects"": "">1""}",{},"[""subject_contrast_maps""]",[],,method_atom,synthesis_of_statistical_practices,high,ready,true,"Second-level analysis: one-sample t-test for group activation, two-sample t for group comparison, regression for continuous predictors. Random effects standard."
ATOM_reliability_analysis,builtin,analysis,general,reliability_analysis,Reliability Analysis,reliability_slot,reliability,"{""type"": ""any repeated measures"", ""fields"": [""session1_data"", ""session2_data""]}","{""type"": ""ReliabilityResults"", ""fields"": [""icc"", ""cronbach_alpha"", ""test_retest_correlation""]}","{""method"": ""ICC | Cronbach_alpha | test_retest | split_half"", ""icc_type"": ""ICC_2_1 | ICC_3_1 | ICC_2_k"", ""alpha"": 0.05}","{""method"": ""candidate"", ""icc_type"": ""candidate"", ""alpha"": ""candidate""}","{""has_repeated_measures"": true}",{},[],[],,method_atom,synthesis_of_statistical_practices,medium,ready,true,Assessment of measurement reliability. ICC for inter-rater or test-retest reliability. Cronbach alpha for internal consistency. Critical for clinical translation.
ATOM_spline_motion_correction,builtin,preprocessing,general,spline_motion_correction,Cubic Spline Motion Correction,motion_correction_slot,motion_correction,"{""type"": ""OpticalDensityData""}","{""type"": ""OpticalDensityData""}","{""spline_order"": 3, ""motion_threshold"": 0.6, ""interpolation_method"": ""cubic_spline""}","{""spline_order"": ""reported"", ""motion_threshold"": ""reported"", ""interpolation_method"": ""reported""}","{""has_motion_artifacts"": true}",{},[],[],,method_atom,Homer3_hmrR_MotionCorrectSpline,high,ready,true,Homer3 hmrR_MotionCorrectSpline.m: Scholkmann et al. 2010. Cubic spline interpolation for motion artifact removal.
ATOM_artifact_detection,builtin,qc,general,artifact_detection,Motion Artifact Detection,signal_qc_slot,artifact_detection,"{""type"": ""OpticalDensityData""}","{""type"": ""ArtifactMask"", ""fields"": [""artifact_intervals"", ""artifact_channels""]}","{""method"": ""sd_threshold | amplitude_threshold | combined"", ""sd_threshold"": 6, ""amplitude_threshold_uM"": 0.1, ""min_artifact_duration_s"": 0.1}","{""method"": ""reported"", ""sd_threshold"": ""reported"", ""amplitude_threshold_uM"": ""reported""}",{},{},[],[],,method_atom,Homer3_hmrR_MotionArtifactByChannel,high,ready,true,Homer3 hmrR_MotionArtifactByChannel.m: SD or amplitude threshold-based artifact detection per channel.
ATOM_pca_denoising,builtin,preprocessing,general,pca_denoising,PCA Denoising,motion_correction_slot,denoising,"{""type"": ""OpticalDensityData | HaemoglobinData""}","{""type"": ""OpticalDensityData | HaemoglobinData""}","{""n_components"": ""auto"", ""variance_threshold"": 0.95, ""apply_to"": ""short_channels""}","{""n_components"": ""candidate"", ""variance_threshold"": ""candidate"", ""apply_to"": ""candidate""}","{""has_short_channels"": true}",{},[],[],,method_atom,Homer3_hmrR_PCAFilter,high,ready,true,Homer3 hmrR_PCAFilter.m: PCA-based physiological noise reduction using short-channel signals.
ATOM_block_average,builtin,analysis,task_based,block_average,Block/Trial Averaging,block_average_slot,block_average,"{""type"": ""HaemoglobinData + EventsTable""}","{""type"": ""AveragedResponse"", ""fields"": [""condition_averages"", ""standard_error"", ""time_vector""]}","{""baseline_correction"": ""pre_stimulus"", ""baseline_window_s"": [-5, 0], ""exclude_artifact_trials"": true, ""grand_average"": false}","{""baseline_correction"": ""reported"", ""baseline_window_s"": ""reported"", ""exclude_artifact_trials"": ""candidate""}","{""has_task_design"": true}","{""resting_state"": true}","[""events_table""]",[],,method_atom,Homer3_hmrR_BlockAvg,high,ready,true,Homer3 hmrR_BlockAvg.m: Trial-by-trial averaging with baseline correction. Standard for block/task designs.
ATOM_glm_with_drift,builtin,analysis,task_based,glm_with_drift,GLM with Drift and Short-Separation Regression,task_glm_slot,glm,"{""type"": ""HaemoglobinData + DesignMatrix""}","{""type"": ""GLMResults"", ""fields"": [""beta_map"", ""contrast_map"", ""residuals"", ""r_squared""]}","{""hrf_model"": ""canonical | canonical_with_derivative | fir"", ""drift_order"": 3, ""short_channel_regression"": true, ""autocorrelation_model"": ""ar1 | none"", ""basis_function"": ""hrf | hrf_derivative | fir""}","{""hrf_model"": ""reported"", ""drift_order"": ""reported"", ""short_channel_regression"": ""reported"", ""autocorrelation_model"": ""candidate""}","{""has_task_design"": true}","{""resting_state"": true}","[""design_matrix"", ""contrasts""]",[],,method_atom,Homer3_hmrR_GLM,high,ready,true,"Homer3 hmrR_GLM.m: Full GLM with drift polynomial, short-separation regression, and AR(1) noise model."
ATOM_detrending,builtin,preprocessing,general,detrending,Signal Detrending,filter_slot,detrending,"{""type"": ""OpticalDensityData | HaemoglobinData""}","{""type"": ""OpticalDensityData | HaemoglobinData""}","{""method"": ""linear | polynomial | wavelet_mdl | spline"", ""polynomial_order"": 2, ""wavelet_level"": 10}","{""method"": ""candidate"", ""polynomial_order"": ""candidate"", ""wavelet_level"": ""candidate""}",{},{},[],[],,method_atom,NIRS_SPM_detrend_wavelet_MDL,high,ready,true,NIRS_SPM detrend_wavelet_MDL.m: Wavelet-based detrending with MDL thresholding. Removes slow drift.
ATOM_hpf_lpf_filter,builtin,preprocessing,general,hpf_lpf_filter,High-Pass / Low-Pass Filtering,filter_slot,filter,"{""type"": ""OpticalDensityData | HaemoglobinData""}","{""type"": ""OpticalDensityData | HaemoglobinData""}","{""hpf_cutoff_hz"": 0.01, ""lpf_cutoff_hz"": 0.5, ""hpf_method"": ""dct | butterworth | sinc"", ""lpf_method"": ""gaussian | butterworth | hrf_convolution"", ""filter_order"": 5}","{""hpf_cutoff_hz"": ""reported"", ""lpf_cutoff_hz"": ""reported"", ""hpf_method"": ""candidate"", ""lpf_method"": ""candidate""}",{},{},[],[],,method_atom,NIRS_SPM_spm_filter_HPF_LPF,high,ready,true,"NIRS_SPM spm_filter_HPF_LPF.m: DCT-based high-pass, Gaussian/HRF-based low-pass. Standard SPM filtering."
ATOM_precoloring,builtin,analysis,general,precoloring,Temporal Precoloring for AR(1),analysis_preprocessing_slot,noise_modeling,"{""type"": ""HaemoglobinData""}","{""type"": ""HaemoglobinData"", ""fields"": [""precolored_data"", ""noise_estimate""]}","{""ar_order"": 1, ""method"": ""precoloring | prewhitening""}","{""ar_order"": ""candidate"", ""method"": ""candidate""}",{},{},[],[],,method_atom,NIRS_SPM_precoloring,medium,ready,true,NIRS_SPM precoloring.m: Temporal precoloring for AR(1) noise modeling in GLM. Corrects temporal autocorrelation.
ATOM_group_glm_nirs_spm,builtin,analysis,general,group_glm_nirs_spm,Group-Level GLM (NIRS_SPM),group_glm_slot,group_glm,"{""type"": ""GLMResults[]""}","{""type"": ""GroupGLMResults"", ""fields"": [""group_activation_map"", ""t_statistic"", ""p_value"", ""f_statistic""]}","{""model_type"": ""random_effects"", ""group_contrast"": ""one_sample_t | two_sample_t"", ""smoothness_estimate"": ""precoloring | prewhitening""}","{""model_type"": ""reported"", ""group_contrast"": ""reported"", ""smoothness_estimate"": ""candidate""}","{""n_subjects"": "">1""}",{},"[""subject_glm_results""]",[],,method_atom,NIRS_SPM_nirs_spm_group,high,ready,true,NIRS_SPM nirs_spm_group.m: Group-level random effects GLM with F-statistic computation.
ATOM_sensitivity_analysis,builtin,analysis,general,sensitivity_analysis,Monte Carlo Sensitivity Analysis,sensitivity_slot,sensitivity,"{""type"": ""ChannelPositions + SourceDetectorLocations""}","{""type"": ""SensitivityMap"", ""fields"": [""sensitivity_values"", ""dpf_corrected"", ""depth_per_channel""]}","{""mc_iterations"": 10000, ""mu_a_range"": [0.01, 0.1], ""mu_s_range"": [1.0, 10.0], ""head_model"": ""semi_infinite | layered""}","{""mc_iterations"": ""candidate"", ""mu_a_range"": ""candidate"", ""mu_s_range"": ""candidate""}",{},{},"[""source_detector_positions""]",[],,method_atom,SPM_DCM_fnirs_sensitivity,high,ready,true,SPM dcm_fnirs spm_fnirs_sensitivity.m: Monte Carlo photon migration for sensitivity profiling.
ATOM_dcm_fnirs,builtin,analysis,general,dcm_fnirs,Dynamic Causal Modeling for fNIRS,effective_connectivity_slot,dcm,"{""type"": ""HaemoglobinData + DCMModelSpecification""}","{""type"": ""DCMResults"", ""fields"": [""connection_matrix"", ""bayesian_model_comparison"", ""parameter_estimates""]}","{""model_type"": ""bilinear | nonlinear"", ""hemodynamic_model"": ""spm | hrf"", ""pial_vein_correction"": true, ""estimation_method"": ""variational_bayes""}","{""model_type"": ""candidate"", ""hemodynamic_model"": ""candidate"", ""pial_vein_correction"": ""candidate""}","{""has_region_of_interest"": true}",{},"[""region_definitions"", ""model_specification""]",[],,method_atom,SPM_DCM_fnirs_estimate,high,ready,true,SPM dcm_fnirs: Dynamic causal modeling for effective connectivity estimation from fNIRS data.
ATOM_cross_correlation,builtin,analysis,resting_state,cross_correlation,Cross-Correlation Analysis,resting_connectivity_slot,connectivity,"{""type"": ""HaemoglobinData""}","{""type"": ""ConnectivityMatrix"", ""fields"": [""cross_correlation_values"", ""time_lag"", ""significance""]}","{""max_lag_s"": 5, ""significance_method"": ""permutation | analytical"", ""n_permutations"": 1000}","{""max_lag_s"": ""candidate"", ""significance_method"": ""candidate""}",{},{},[],[],,method_atom,Homer3_hmrR_CrossCorrelation,high,ready,true,Homer3 hmrR_CrossCorrelation.m: Cross-correlation with time-lag estimation for functional connectivity.
ATOM_hardware_import,builtin,data_import,general,hardware_import,Multi-Hardware Data Import,data_import_slot,data_import,"{""type"": ""raw_file_path + hardware_format""}","{""type"": ""RawData"", ""fields"": [""optical_density"", ""timestamps"", ""events"", ""channel_positions""]}","{""supported_formats"": ""NIRx | Hitachi | ISS | Shimadzu | Artinis | Gowerlabs | BOXY | SNIRF"", ""dpf_correction"": true, ""wavelength_validation"": true}","{""supported_formats"": ""reported"", ""dpf_correction"": ""candidate"", ""wavelength_validation"": ""candidate""}",{},{},"[""hardware_format""]",[],,method_atom,NIRS_SPM_NIRS_Data_Conversion,high,ready,true,NIRS_SPM NIRS_Data_Conversion.m + Homer3 SNIRF: Multi-format import with DPF correction.
ATOM_combat_harmonization,builtin,preprocessing,general,combat_harmonization,ComBat Multi-Site Harmonization,harmonization_slot,harmonization,"{""type"": ""FeatureMatrix + BatchLabels"", ""fields"": [""feature_matrix (features x subjects)"", ""batch_vector (subject x 1)"", ""covariates (optional)""]}","{""type"": ""HarmonizedMatrix"", ""fields"": [""harmonized_data"", ""batch_effects_estimates"", ""diagnostic_info""]}","{""method"": ""ComBat"", ""eb"": true, ""parametric"": true, ""mean_only"": false, ""ref_batch"": null, ""covariates_to_preserve"": ""biological_variables (e.g. age, sex, disease_status)"", ""implementations"": ""Python (neuroCombat) | R (sva/ComBatHarmonization) | MATLAB""}","{""method"": ""reported"", ""eb"": ""reported"", ""parametric"": ""reported"", ""mean_only"": ""reported"", ""ref_batch"": ""candidate"", ""covariates_to_preserve"": ""candidate""}","{""multi_site_or_scanner"": true}","{""single_site_only"": true}","[""batch_labels"", ""site_information""]","[""confirm_biological_covariates_to_protect""]",,method_atom,Fortin2017_NeuroImage; Fortin2018_NeuroImage; Johnson2007_Biostatistics,high,ready,true,"ComBat harmonization for multi-site fNIRS data. Removes unwanted scanner/site variation while preserving biological variability. Requires batch labels and optionally biological covariates to protect. Python: neuroCombat (pip install neuroCombat). R: sva::ComBat or ComBatHarmonization. Key parameters: eb (empirical Bayes), parametric (parametric vs non-parametric priors), mean_only (adjust mean only vs mean+variance), ref_batch (reference site). Cite: Fortin et al. NeuroImage 2017 (DTI), 2018 (cortical thickness)."
ATOM_one_sample_ttest,builtin,analysis,general,one_sample_ttest,One-Sample t-Test,group_comparison_slot,statistical_test,"{""type"": ""numeric_array""}","{""type"": ""TTestResults"", ""fields"": [""t_statistic"", ""p_value"", ""df"", ""ci""]}","{""popmean"": 0, ""alternative"": ""two-sided""}","{""popmean"": ""candidate"", ""alternative"": ""candidate""}",{},{},[],[],,method_atom,MNE_ttest_1samp,high,ready,true,Test group mean against hypothesized value. MNE: ttest_1samp_no_p. Common for activation vs zero baseline.
ATOM_independent_ttest,builtin,analysis,general,independent_ttest,Independent Samples t-Test,group_comparison_slot,statistical_test,"{""type"": ""two_numeric_arrays""}","{""type"": ""TTestResults"", ""fields"": [""t_statistic"", ""p_value"", ""df"", ""cohens_d""]}","{""equal_var"": true, ""alternative"": ""two-sided""}","{""equal_var"": ""candidate"", ""alternative"": ""candidate""}","{""has_two_groups"": true}",{},"[""group_labels""]",[],,method_atom,MNE_ttest_ind,high,ready,true,Between-group comparison. MNE: ttest_ind_no_p. Assumes normality and equal variance.
ATOM_paired_ttest,builtin,analysis,general,paired_ttest,Paired Samples t-Test,group_comparison_slot,statistical_test,"{""type"": ""two_paired_arrays""}","{""type"": ""TTestResults"", ""fields"": [""t_statistic"", ""p_value"", ""df"", ""cohens_d""]}","{""alternative"": ""two-sided""}","{""alternative"": ""candidate""}","{""has_paired_data"": true}",{},"[""subject_ids""]",[],,method_atom,Homer3_hmrG_t_paired,high,ready,true,"Within-subject comparison. Homer3: hmrG_t_paired_contrast. Pre-post, condition A vs B."
ATOM_welch_ttest,builtin,analysis,general,welch_ttest,Welch's t-Test,group_comparison_slot,statistical_test,"{""type"": ""two_numeric_arrays""}","{""type"": ""TTestResults"", ""fields"": [""t_statistic"", ""p_value"", ""df""]}","{""equal_var"": false, ""alternative"": ""two-sided""}","{""equal_var"": ""reported""}","{""unequal_variance"": true}",{},[],[],,method_atom,scipy_welch,high,ready,true,Welch's t-test: does not assume equal variances. Use when Levene test is significant.
ATOM_one_way_anova,builtin,analysis,general,one_way_anova,One-Way ANOVA,group_comparison_slot,statistical_test,"{""type"": ""multiple_numeric_arrays""}","{""type"": ""ANOVAResults"", ""fields"": [""f_statistic"", ""p_value"", ""df_between"", ""df_within"", ""eta_squared""]}","{""equal_var"": true}","{""equal_var"": ""candidate""}","{""n_groups"": "">2""}",{},"[""group_labels""]",[],,method_atom,MNE_f_oneway,high,ready,true,Test differences among 3+ group means. MNE: f_oneway. Assumes normality and homogeneity of variance.
ATOM_repeated_measures_anova,builtin,analysis,general,repeated_measures_anova,Repeated Measures ANOVA,group_comparison_slot,statistical_test,"{""type"": ""subjects_x_conditions_matrix""}","{""type"": ""ANOVAResults"", ""fields"": [""f_statistic"", ""p_value"", ""partial_eta_squared"", ""epsilon_correction""]}","{""correction"": ""Greenhouse-Geisser"", ""sphericity_test"": true}","{""correction"": ""candidate"", ""sphericity_test"": ""candidate""}","{""has_repeated_measures"": true}",{},"[""subject_ids"", ""condition_labels""]",[],,method_atom,MNE_f_mway_rm,high,ready,true,Within-subject factor with 3+ levels. MNE: f_mway_rm. Apply GG/HF correction for sphericity violations.
ATOM_mixed_anova,builtin,analysis,general,mixed_anova,Mixed ANOVA,group_comparison_slot,statistical_test,"{""type"": ""data_with_groups_and_conditions""}","{""type"": ""ANOVAResults"", ""fields"": [""f_within"", ""f_between"", ""f_interaction"", ""p_within"", ""p_between"", ""p_interaction""]}","{""within_factor"": """", ""between_factor"": """", ""correction"": ""Greenhouse-Geisser""}","{""within_factor"": ""candidate"", ""between_factor"": ""candidate""}","{""has_between_and_within_factors"": true}",{},"[""group_labels"", ""condition_labels""]",[],"within_factor, between_factor",method_atom,pingouin_mixed_anova,high,ready,true,Between-subjects x within-subjects factorial design. Tests main effects and interaction.
ATOM_two_way_anova,builtin,analysis,general,two_way_anova,Two-Way ANOVA,group_comparison_slot,statistical_test,"{""type"": ""factorial_design""}","{""type"": ""ANOVAResults"", ""fields"": [""f_factor_a"", ""f_factor_b"", ""f_interaction"", ""p_values""]}","{""factor_a"": """", ""factor_b"": """", ""interaction"": true}","{""factor_a"": ""candidate"", ""factor_b"": ""candidate""}","{""has_two_factors"": true}",{},"[""factor_a_labels"", ""factor_b_labels""]",[],"factor_a, factor_b",method_atom,scipy_two_way_anova,high,ready,true,Two between-subjects factors with interaction. Tests main effects and AxB.
ATOM_wilcoxon_signed_rank,builtin,analysis,general,wilcoxon_signed_rank,Wilcoxon Signed-Rank Test,group_comparison_slot,nonparametric_test,"{""type"": ""two_paired_arrays""}","{""type"": ""NonParametricResults"", ""fields"": [""test_statistic"", ""p_value"", ""effect_size_r""]}","{""alternative"": ""two-sided"", ""zero_method"": ""wilcox""}","{""alternative"": ""candidate""}","{""non_normal_data"": true}",{},[],[],,method_atom,scipy_wilcoxon,high,ready,true,Non-parametric paired test. Alternative to paired t-test when normality violated.
ATOM_mann_whitney_u,builtin,analysis,general,mann_whitney_u,Mann-Whitney U Test,group_comparison_slot,nonparametric_test,"{""type"": ""two_numeric_arrays""}","{""type"": ""NonParametricResults"", ""fields"": [""u_statistic"", ""p_value"", ""rank_biserial_correlation""]}","{""alternative"": ""two-sided"", ""method"": ""auto""}","{""alternative"": ""candidate""}","{""non_normal_data"": true}",{},[],[],,method_atom,scipy_mannwhitneyu,high,ready,true,Non-parametric independent test. Tests whether distributions differ.
ATOM_kruskal_wallis,builtin,analysis,general,kruskal_wallis,Kruskal-Wallis H Test,group_comparison_slot,nonparametric_test,"{""type"": ""multiple_numeric_arrays""}","{""type"": ""NonParametricResults"", ""fields"": [""h_statistic"", ""p_value"", ""epsilon_squared""]}","{""alternative"": ""two-sided""}","{""alternative"": ""candidate""}","{""n_groups"": "">2"", ""non_normal"": true}",{},[],[],,method_atom,scipy_kruskal,high,ready,true,Non-parametric one-way ANOVA alternative.
ATOM_friedman_test,builtin,analysis,general,friedman_test,Friedman Test,group_comparison_slot,nonparametric_test,"{""type"": ""subjects_x_conditions_matrix""}","{""type"": ""NonParametricResults"", ""fields"": [""chi2_statistic"", ""p_value""]}",{},{},"{""has_repeated_measures"": true, ""non_normal"": true}",{},[],[],,method_atom,scipy_friedmanchisquare,high,ready,true,Non-parametric repeated measures test. Alternative to RM-ANOVA.
ATOM_normality_test,builtin,analysis,general,normality_test,Normality Test,assumption_check_slot,assumption_check,"{""type"": ""numeric_array""}","{""type"": ""NormalityResults"", ""fields"": [""test_statistic"", ""p_value"", ""is_normal""]}","{""method"": ""shapiro_wilk | kolmogorov_smirnov | anderson_darling"", ""alpha"": 0.05}","{""method"": ""candidate"", ""alpha"": ""candidate""}",{},{},[],[],,method_atom,scipy_shapiro,high,ready,true,"Test normality before parametric tests. Shapiro-Wilk (n<5000), K-S, Anderson-Darling."
ATOM_levene_test,builtin,analysis,general,levene_test,Levene's Test,assumption_check_slot,assumption_check,"{""type"": ""multiple_numeric_arrays""}","{""type"": ""VarianceTestResults"", ""fields"": [""test_statistic"", ""p_value"", ""equal_variances""]}","{""center"": ""median"", ""proportion_to_cut"": 0.2}","{""center"": ""candidate""}",{},{},[],[],,method_atom,scipy_levene,high,ready,true,Test equal variance assumption. Levene's (robust) or Bartlett's (sensitive to normality).
ATOM_post_hoc_tukey,builtin,analysis,general,post_hoc_tukey,Tukey HSD Post-Hoc,post_hoc_slot,post_hoc,"{""type"": ""anova_results""}","{""type"": ""PostHocResults"", ""fields"": [""pairwise_comparisons"", ""adjusted_p_values"", ""significant_pairs""]}","{""alpha"": 0.05}","{""alpha"": ""candidate""}","{""anova_significant"": true}",{},"[""group_labels""]",[],,method_atom,scipy_tukey_hsd,high,ready,true,Post-hoc pairwise after significant ANOVA. Controls FWER.
ATOM_post_hoc_games_howell,builtin,analysis,general,post_hoc_games_howell,Games-Howell Post-Hoc,post_hoc_slot,post_hoc,"{""type"": ""anova_results""}","{""type"": ""PostHocResults"", ""fields"": [""pairwise_comparisons"", ""adjusted_p_values""]}","{""alpha"": 0.05}","{""alpha"": ""candidate""}","{""unequal_variances"": true}",{},"[""group_labels""]",[],,method_atom,pingouin_games_howell,high,ready,true,Post-hoc robust to unequal variances and sample sizes.
ATOM_bonferroni_correction,builtin,analysis,general,bonferroni_correction,Bonferroni Correction,multiple_comparison_slot,multiple_comparison_correction,"{""type"": ""p_values_array""}","{""type"": ""CorrectedResults"", ""fields"": [""corrected_p_values"", ""adjusted_alpha""]}","{""n_tests"": ""auto"", ""alpha"": 0.05}","{""n_tests"": ""candidate"", ""alpha"": ""candidate""}",{},{},[],[],,method_atom,scipy_bonferroni,high,ready,true,Most conservative: adjusted_alpha = alpha / n_tests. Controls FWER.
ATOM_fdr_bh_correction,builtin,analysis,general,fdr_bh_correction,Benjamini-Hochberg FDR,multiple_comparison_slot,multiple_comparison_correction,"{""type"": ""p_values_array""}","{""type"": ""CorrectedResults"", ""fields"": [""corrected_p_values"", ""rejected""]}","{""alpha"": 0.05, ""method"": ""indep""}","{""alpha"": ""candidate""}",{},{},[],[],,method_atom,scipy_fdr_bh,high,ready,true,Controls FDR. Most common in fNIRS. Less conservative than Bonferroni.
ATOM_fdr_by_correction,builtin,analysis,general,fdr_by_correction,Benjamini-Yekutieli FDR,multiple_comparison_slot,multiple_comparison_correction,"{""type"": ""p_values_array""}","{""type"": ""CorrectedResults"", ""fields"": [""corrected_p_values"", ""rejected""]}","{""alpha"": 0.05}","{""alpha"": ""candidate""}","{""dependent_tests"": true}",{},[],[],,method_atom,scipy_fdr_by,high,ready,true,Valid under arbitrary dependence. Use when spatial/temporal correlation unknown.
ATOM_cluster_permutation_test,builtin,analysis,general,cluster_permutation_test,Cluster-Based Permutation Test,permutation_slot,cluster_test,"{""type"": ""observations_x_channels_x_times""}","{""type"": ""ClusterTestResults"", ""fields"": [""cluster_stats"", ""cluster_p_values"", ""significant_clusters""]}","{""n_permutations"": 1024, ""threshold"": ""auto"", ""tail"": 0, ""cluster_alpha"": 0.05}","{""n_permutations"": ""candidate"", ""threshold"": ""candidate""}",{},{},[],[],,method_atom,MNE_permutation_cluster_test,high,ready,true,MNE permutation_cluster_test. Non-parametric cluster-based correction. Maris & Oostenveld 2007.
ATOM_spatiotemporal_cluster_test,builtin,analysis,general,spatiotemporal_cluster_test,Spatio-Temporal Cluster Test,permutation_slot,cluster_test,"{""type"": ""observations_x_channels_x_times""}","{""type"": ""ClusterTestResults"", ""fields"": [""cluster_stats"", ""cluster_p_values""]}","{""n_permutations"": 1024, ""adjacency"": ""grid"", ""cluster_alpha"": 0.05}","{""n_permutations"": ""candidate"", ""adjacency"": ""candidate""}",{},{},"[""channel_adjacency""]",[],,method_atom,MNE_spatiotemporal_cluster,high,ready,true,MNE spatio_temporal_cluster_1samp_test. Spatial adjacency-aware clustering.
ATOM_bootstrap_ci,builtin,analysis,general,bootstrap_confidence_interval,Bootstrap Confidence Interval,ci_estimation_slot,bootstrap,"{""type"": ""numeric_array""}","{""type"": ""BootstrapResults"", ""fields"": [""ci_lower"", ""ci_upper"", ""standard_error""]}","{""n_resamples"": 10000, ""ci_level"": 0.95, ""method"": ""percentile | BCa"", ""statistic"": ""mean""}","{""n_resamples"": ""candidate"", ""ci_level"": ""candidate"", ""method"": ""candidate""}",{},{},[],[],,method_atom,MNE_bootstrap_ci,high,ready,true,MNE bootstrap_confidence_interval. Non-parametric CI. No distributional assumptions.
ATOM_linear_regression,builtin,analysis,general,linear_regression,Linear Regression,regression_slot,regression,"{""type"": ""design_matrix + dependent_variable""}","{""type"": ""RegressionResults"", ""fields"": [""beta_coefficients"", ""p_values"", ""r_squared"", ""residuals""]}","{""add_constant"": true, ""method"": ""OLS | robust""}","{""add_constant"": ""candidate"", ""method"": ""candidate""}",{},{},"[""predictor_names""]",[],,method_atom,MNE_linear_regression,high,ready,true,MNE linear_regression. OLS for design matrix analysis. Supports robust SE.
ATOM_logistic_regression,builtin,analysis,general,logistic_regression,Logistic Regression,regression_slot,regression,"{""type"": ""design_matrix + binary_outcome""}","{""type"": ""LogisticResults"", ""fields"": [""odds_ratios"", ""p_values"", ""accuracy"", ""auc""]}","{""penalty"": ""l2 | l1"", ""C"": 1.0}","{""penalty"": ""candidate"", ""C"": ""candidate""}","{""has_binary_outcome"": true}",{},"[""predictor_names""]",[],,method_atom,sklearn_logistic,high,ready,true,"Logistic regression for binary classification. Reports OR, AUC. Common in fNIRS diagnostic."
ATOM_cohens_d,builtin,analysis,general,cohens_d,Cohen's d Effect Size,effect_size_slot,effect_size,"{""type"": ""two_numeric_arrays | ttest_results""}","{""type"": ""EffectSizeResults"", ""fields"": [""cohens_d"", ""magnitude"", ""ci""]}","{""correction"": ""none | hedges_g"", ""magnitude_thresholds"": {""small"": 0.2, ""medium"": 0.5, ""large"": 0.8}}","{""correction"": ""candidate""}",{},{},[],[],,method_atom,Cohen1988,high,ready,true,"Cohen's d: standardized mean difference. d=0.2 small, 0.5 medium, 0.8 large. Hedges g corrects small sample bias."
ATOM_eta_squared,builtin,analysis,general,eta_squared,Eta-Squared / Partial Eta-Squared,effect_size_slot,effect_size,"{""type"": ""anova_results""}","{""type"": ""EffectSizeResults"", ""fields"": [""eta_squared"", ""partial_eta_squared"", ""omega_squared""]}","{""metric"": ""eta_squared | partial_eta_squared | omega_squared""}","{""metric"": ""candidate""}",{},{},[],[],,method_atom,Cohen1988,high,ready,true,Proportion of variance explained. eta2 = SS_effect/SS_total. Partial eta2 for multi-factor. Omega2 less biased.
ATOM_point_biserial_r,builtin,analysis,general,point_biserial_correlation,Point-Biserial Correlation,correlation_slot,correlation,"{""type"": ""binary_variable + continuous_variable""}","{""type"": ""CorrelationResults"", ""fields"": [""r"", ""p_value"", ""ci""]}","{""alternative"": ""two-sided""}","{""alternative"": ""candidate""}","{""has_binary_and_continuous"": true}",{},[],[],,method_atom,scipy_pointbiserialr,high,ready,true,Correlation between binary and continuous. Equivalent to Pearson r.
ATOM_power_analysis,builtin,analysis,general,power_analysis,Statistical Power Analysis,power_analysis_slot,power_analysis,"{""type"": ""power_parameters""}","{""type"": ""PowerResults"", ""fields"": [""achieved_power"", ""required_n"", ""minimum_detectable_effect""]}","{""test_type"": ""t_test | anova | correlation"", ""alternative"": ""two-sided"", ""alpha"": 0.05, ""power"": 0.8}","{""test_type"": ""candidate"", ""alpha"": ""candidate"", ""power"": ""candidate""}",{},{},[],[],,method_atom,statsmodels_power,high,ready,true,A priori or post hoc power. Calculate required N or achieved power. Critical for study design.
ATOM_network_based_statistic,builtin,analysis,resting_state,network_based_statistic,Network-Based Statistic (NBS),multiple_comparison_slot,nbs,"{""type"": ""connectivity_matrix_per_subject""}","{""type"": ""NBSResults"", ""fields"": [""significant_edges"", ""component_size"", ""p_value""]}","{""n_permutations"": 1000, ""alpha"": 0.05, ""test_statistic"": ""t""}","{""n_permutations"": ""candidate"", ""alpha"": ""candidate""}","{""has_connectivity_data"": true}",{},"[""edge_labels""]",[],,method_atom,Zalesky2010_NBS,high,ready,true,NBS: permutation test for graph/edge-level inference. Identifies connected significant components. Zalesky et al. 2010.
ATOM_tfce_enhancement,builtin,analysis,general,tfce_enhancement,Threshold-Free Cluster Enhancement,permutation_slot,tfce,"{""type"": ""statistic_map""}","{""type"": ""TFCE_Results"", ""fields"": [""tfce_statistic_map"", ""p_value_map""]}","{""n_permutations"": 1000, ""E"": 0.5, ""H"": 2, ""C"": 0.5}","{""n_permutations"": ""candidate"", ""E"": ""candidate"", ""H"": ""candidate""}",{},{},[],[],,method_atom,Smith2009_TFCE,high,ready,true,TFCE: threshold-free inference combining extent and height. Smith & Nichols 2009.
ATOM_bayes_factor,builtin,analysis,general,bayes_factor,Bayes Factor,bayesian_slot,bayesian,"{""type"": ""data + hypotheses""}","{""type"": ""BayesFactorResults"", ""fields"": [""bayes_factor"", ""interpretation""]}","{""prior_scale"": ""medium | wide | ultrawide"", ""test_type"": ""t_test | anova | correlation""}","{""prior_scale"": ""candidate"", ""test_type"": ""candidate""}",{},{},[],[],,method_atom,Jeffreys1961,medium,ready,true,"Quantify evidence for H1 vs H0. BF10>10 strong for H1, BF10<0.1 strong for H0."
ATOM_1d_cnn,builtin,deep_learning,classification,1d_cnn_classification,1D CNN for fNIRS Temporal Classification,dl_model_slot,dl_classifier,"{""type"": ""HaemoglobinData"", ""shape"": ""(n_subjects, n_channels, n_timepoints)""}","{""type"": ""ClassificationResults"", ""fields"": [""predictions"", ""probabilities"", ""accuracy"", ""loss_curve""]}","{""conv_layers"": 3, ""filters"": [32, 64, 128], ""kernel_size"": 3, ""pool_size"": 2, ""dropout"": 0.5, ""activation"": ""relu"", ""batch_norm"": true, ""optimizer"": ""adam"", ""lr"": 0.001, ""epochs"": 100, ""batch_size"": 32, ""early_stopping_patience"": 10}","{""conv_layers"": ""candidate"", ""filters"": ""candidate"", ""kernel_size"": ""candidate"", ""dropout"": ""candidate""}","{""has_temporal_fnirs_data"": true}",{},"[""channel_labels"", ""sampling_rate""]","[""confirm_classification_task""]",,method_atom,fnirs_cnn_classification; node_templates_CNN,high,ready,true,"1D CNN: temporal convolutions over fNIRS time series. Each conv layer extracts local temporal patterns. Reference: >89.57% accuracy for MCI detection. Input: (subjects, channels, time). Output: class probabilities."
ATOM_2d_cnn,builtin,deep_learning,classification,2d_cnn_classification,2D CNN for fNIRS Spatial-Temporal Classification,dl_model_slot,dl_classifier,"{""type"": ""HaemoglobinData"", ""shape"": ""(n_subjects, n_channels, n_timepoints, n_features)""}","{""type"": ""ClassificationResults"", ""fields"": [""predictions"", ""probabilities"", ""accuracy""]}","{""conv_layers"": 3, ""filters"": [32, 64, 128], ""kernel_size"": [3, 3], ""pool_size"": [2, 2], ""dropout"": 0.5, ""activation"": ""relu"", ""batch_norm"": true, ""spatial_conv"": true}","{""conv_layers"": ""candidate"", ""filters"": ""candidate"", ""kernel_size"": ""candidate""}","{""has_spatial_temporal_data"": true}",{},"[""channel_positions"", ""sampling_rate""]",[],,method_atom,fnirs_2d_cnn,high,ready,true,2D CNN: spatial-temporal convolutions. Treats channel x time as 2D image. Captures both spatial channel relationships and temporal dynamics.
ATOM_eegnet,builtin,deep_learning,classification,eegnet_classification,EEGNet (Adapted for fNIRS),dl_model_slot,dl_classifier,"{""type"": ""HaemoglobinData"", ""shape"": ""(n_subjects, n_channels, n_timepoints)""}","{""type"": ""ClassificationResults"", ""fields"": [""predictions"", ""probabilities"", ""accuracy""]}","{""F1"": 8, ""D"": 2, ""F2"": 16, ""kernel_size"": 64, ""dropout"": 0.5, ""depthwise_multiplier"": 1, ""activation"": ""elu"", ""optimizer"": ""adam"", ""lr"": 0.001}","{""F1"": ""candidate"", ""D"": ""candidate"", ""F2"": ""candidate"", ""kernel_size"": ""candidate""}","{""has_temporal_fnirs_data"": true}",{},"[""n_channels"", ""n_timepoints""]",[],,method_atom,Lawhern2018_EEGNet,high,ready,true,"EEGNet: compact CNN with depthwise and separable convolutions. Very few parameters, good for small fNIRS datasets. Lawhern et al. 2018. F1=filters1, D=depth multiplier, F2=filters2."
ATOM_shallow_convnet,builtin,deep_learning,classification,shallow_convnet_classification,ShallowConvNet for fNIRS,dl_model_slot,dl_classifier,"{""type"": ""HaemoglobinData"", ""shape"": ""(n_subjects, n_channels, n_timepoints)""}","{""type"": ""ClassificationResults"", ""fields"": [""predictions"", ""probabilities"", ""accuracy""]}","{""n_filters"": 40, ""filter_time"": 25, ""pool_time"": 75, ""dropout"": 0.5, ""batch_norm"": true, ""activation"": ""square + log""}","{""n_filters"": ""candidate"", ""filter_time"": ""candidate"", ""pool_time"": ""candidate""}","{""has_temporal_fnirs_data"": true}",{},"[""sampling_rate""]",[],,method_atom,Schirrmeister2017_ShallowConvNet,high,ready,true,ShallowConvNet: temporal + spatial convolution with square activation and average pooling. Schirrmeister et al. 2017. Good baseline for BCI.
ATOM_lstm,builtin,deep_learning,classification,lstm_classification,LSTM for fNIRS Temporal Classification,dl_model_slot,dl_classifier,"{""type"": ""HaemoglobinData"", ""shape"": ""(n_subjects, n_timepoints, n_channels)""}","{""type"": ""ClassificationResults"", ""fields"": [""predictions"", ""probabilities"", ""accuracy"", ""hidden_states""]}","{""hidden_size"": 128, ""num_layers"": 2, ""dropout"": 0.3, ""bidirectional"": false, ""cell_type"": ""lstm"", ""optimizer"": ""adam"", ""lr"": 0.001, ""epochs"": 100, ""batch_size"": 32}","{""hidden_size"": ""candidate"", ""num_layers"": ""candidate"", ""dropout"": ""candidate"", ""bidirectional"": ""candidate""}","{""has_temporal_fnirs_data"": true}",{},"[""n_channels"", ""n_timepoints""]",[],,method_atom,Hochreiter1997_LSTM; node_templates_LSTM,high,ready,true,LSTM: captures long-range temporal dependencies in fNIRS time series. Gating mechanism prevents vanishing gradients. MODWT-LSTM used for physiological noise filtering (extraction evidence).
ATOM_gru,builtin,deep_learning,classification,gru_classification,GRU for fNIRS Classification,dl_model_slot,dl_classifier,"{""type"": ""HaemoglobinData"", ""shape"": ""(n_subjects, n_timepoints, n_channels)""}","{""type"": ""ClassificationResults"", ""fields"": [""predictions"", ""probabilities"", ""accuracy""]}","{""hidden_size"": 128, ""num_layers"": 2, ""dropout"": 0.3, ""bidirectional"": false, ""cell_type"": ""gru"", ""optimizer"": ""adam"", ""lr"": 0.001}","{""hidden_size"": ""candidate"", ""num_layers"": ""candidate"", ""dropout"": ""candidate""}","{""has_temporal_fnirs_data"": true}",{},"[""n_channels"", ""n_timepoints""]",[],,method_atom,Cho2014_GRU,high,ready,true,"GRU: lighter alternative to LSTM with fewer parameters. Similar performance, faster training. Cho et al. 2014."
ATOM_bidirectional_lstm,builtin,deep_learning,classification,bidirectional_lstm_classification,Bidirectional LSTM for fNIRS,dl_model_slot,dl_classifier,"{""type"": ""HaemoglobinData"", ""shape"": ""(n_subjects, n_timepoints, n_channels)""}","{""type"": ""ClassificationResults"", ""fields"": [""predictions"", ""probabilities"", ""accuracy""]}","{""hidden_size"": 128, ""num_layers"": 2, ""dropout"": 0.3, ""bidirectional"": true, ""merge_mode"": ""concat"", ""optimizer"": ""adam"", ""lr"": 0.001}","{""hidden_size"": ""candidate"", ""num_layers"": ""candidate"", ""merge_mode"": ""candidate""}","{""has_temporal_fnirs_data"": true}",{},"[""n_channels"", ""n_timepoints""]",[],,method_atom,Schuster1997_BiLSTM,high,ready,true,BiLSTM: forward + backward temporal context. Captures both past and future dependencies. merge_mode: concat or sum.
ATOM_transformer_encoder,builtin,deep_learning,classification,transformer_classification,Transformer Encoder for fNIRS,dl_model_slot,dl_classifier,"{""type"": ""HaemoglobinData"", ""shape"": ""(n_subjects, n_timepoints, n_channels)""}","{""type"": ""ClassificationResults"", ""fields"": [""predictions"", ""probabilities"", ""accuracy"", ""attention_weights""]}","{""d_model"": 128, ""nhead"": 8, ""num_layers"": 4, ""dim_feedforward"": 512, ""dropout"": 0.1, ""activation"": ""gelu"", ""max_seq_len"": 500, ""pos_encoding"": ""sinusoidal | learned"", ""optimizer"": ""adam"", ""lr"": 0.0001, ""warmup_steps"": 100}","{""d_model"": ""candidate"", ""nhead"": ""candidate"", ""num_layers"": ""candidate"", ""dropout"": ""candidate""}","{""has_temporal_fnirs_data"": true}",{},"[""n_channels"", ""n_timepoints""]",[],,method_atom,Vaswani2017_Transformer; node_templates_Transformer,high,ready,true,"Transformer: self-attention over fNIRS time steps. Captures global temporal dependencies without recurrence. d_model embedding dim, nhead attention heads. Positional encoding for temporal order. Vaswani et al. 2017."
ATOM_temporal_transformer,builtin,deep_learning,classification,temporal_transformer_classification,Temporal Transformer for fNIRS Brain Decoding,dl_model_slot,dl_classifier,"{""type"": ""HaemoglobinData"", ""shape"": ""(n_subjects, n_timepoints, n_channels)""}","{""type"": ""ClassificationResults"", ""fields"": [""predictions"", ""probabilities"", ""accuracy"", ""attention_maps""]}","{""d_model"": 64, ""nhead"": 4, ""num_layers"": 2, ""dropout"": 0.2, ""window_size"": 10, ""stride"": 5, ""channel_embedding"": ""linear | conv1d"", ""temporal_encoding"": ""relative | absolute""}","{""d_model"": ""candidate"", ""nhead"": ""candidate"", ""window_size"": ""candidate"", ""channel_embedding"": ""candidate""}","{""has_temporal_fnirs_data"": true}",{},"[""n_channels"", ""n_timepoints"", ""sampling_rate""]",[],,method_atom,Transformer_LSTM_fnirs_Parkinson,high,ready,true,Temporal Transformer: sliding window attention for fNIRS. Window-based processing for long sequences. Channel embedding projects each channel to d_model. Evidence: Transformer-LSTM for Parkinson staging.
ATOM_cnn_lstm_hybrid,builtin,deep_learning,classification,cnn_lstm_hybrid_classification,CNN-LSTM Hybrid for fNIRS,dl_model_slot,dl_classifier,"{""type"": ""HaemoglobinData"", ""shape"": ""(n_subjects, n_channels, n_timepoints)""}","{""type"": ""ClassificationResults"", ""fields"": [""predictions"", ""probabilities"", ""accuracy""]}","{""cnn_layers"": 2, ""cnn_filters"": [32, 64], ""cnn_kernel"": 3, ""lstm_hidden"": 128, ""lstm_layers"": 1, ""dropout"": 0.5, ""pool_type"": ""max""}","{""cnn_layers"": ""candidate"", ""cnn_filters"": ""candidate"", ""lstm_hidden"": ""candidate""}","{""has_temporal_fnirs_data"": true}",{},"[""n_channels"", ""n_timepoints""]",[],,method_atom,CNN_LSTM_hybrid_fnirs,high,ready,true,"CNN-LSTM: CNN extracts local temporal features, LSTM models sequential dependencies. Best of both worlds. CNN front-end reduces sequence length for LSTM."
ATOM_cnn_transformer_hybrid,builtin,deep_learning,classification,cnn_transformer_hybrid_classification,CNN-Transformer Hybrid for fNIRS,dl_model_slot,dl_classifier,"{""type"": ""HaemoglobinData"", ""shape"": ""(n_subjects, n_channels, n_timepoints)""}","{""type"": ""ClassificationResults"", ""fields"": [""predictions"", ""probabilities"", ""accuracy"", ""attention_weights""]}","{""cnn_filters"": 64, ""cnn_kernel"": 7, ""transformer_d_model"": 128, ""transformer_nhead"": 8, ""transformer_layers"": 2, ""dropout"": 0.3}","{""cnn_filters"": ""candidate"", ""transformer_d_model"": ""candidate"", ""transformer_nhead"": ""candidate""}","{""has_temporal_fnirs_data"": true}",{},"[""n_channels"", ""n_timepoints""]",[],,method_atom,CNN_Transformer_hybrid,high,ready,true,CNN-Transformer: CNN feature extraction + Transformer attention. Captures local patterns and global dependencies.
ATOM_vae,builtin,deep_learning,representation_learning,vae_representation,Variational Autoencoder for fNIRS,dl_model_slot,dl_encoder,"{""type"": ""HaemoglobinData"", ""shape"": ""(n_subjects, n_channels, n_timepoints)""}","{""type"": ""LatentRepresentation"", ""fields"": [""latent_codes"", ""reconstructed_data"", ""reconstruction_loss"", ""kl_divergence""]}","{""latent_dim"": 32, ""encoder_hidden"": [128, 64], ""decoder_hidden"": [64, 128], ""dropout"": 0.2, ""beta"": 1.0, ""activation"": ""relu"", ""optimizer"": ""adam"", ""lr"": 0.001}","{""latent_dim"": ""candidate"", ""encoder_hidden"": ""candidate"", ""decoder_hidden"": ""candidate"", ""beta"": ""candidate""}",{},{},"[""n_channels"", ""n_timepoints""]",[],,method_atom,Kingma2014_VAE,high,ready,true,"VAE: learns compact latent representation of fNIRS data. Useful for anomaly detection, data augmentation, and unsupervised feature learning. Beta-VAE for disentangled representations."
ATOM_time_series_augmentation,builtin,deep_learning,data_augmentation,time_series_augmentation,Time Series Data Augmentation for fNIRS,augmentation_slot,augmentation,"{""type"": ""HaemoglobinData + Labels""}","{""type"": ""AugmentedData"", ""fields"": [""augmented_data"", ""augmented_labels"", ""augmentation_log""]}","{""methods"": [""jittering"", ""scaling"", ""time_warping"", ""cropping"", ""permutation"", ""rotation""], ""augmentation_factor"": 2, ""noise_std"": 0.05, ""scale_range"": [0.9, 1.1], ""seed"": 42}","{""methods"": ""candidate"", ""augmentation_factor"": ""candidate"", ""noise_std"": ""candidate""}","{""small_dataset"": true}",{},[],[],,method_atom,Wen2020_Augmentation; Um2017_DataAugmentation,high,ready,true,"Time series augmentation: jittering (add noise), scaling (multiply), time_warping (non-linear变形), cropping (subsequence), permutation (reorder), rotation (channel mixing). Critical for small fNIRS datasets."
ATOM_transfer_learning,builtin,deep_learning,classification,transfer_learning,Transfer Learning for fNIRS,dl_model_slot,dl_transfer,"{""type"": ""HaemoglobinData + PretrainedModel""}","{""type"": ""ClassificationResults"", ""fields"": [""predictions"", ""accuracy"", ""fine_tune_log""]}","{""source_domain"": ""eeg | fmri | synthetic_fnirs"", ""pretrained_model"": """", ""freeze_layers"": ""all_except_last"", ""fine_tune_lr"": 0.0001, ""fine_tune_epochs"": 20, ""feature_extraction_mode"": true}","{""source_domain"": ""candidate"", ""freeze_layers"": ""candidate"", ""fine_tune_lr"": ""candidate""}","{""has_pretrained_model"": true, ""small_target_dataset"": true}",{},"[""pretrained_model_path""]","[""confirm_source_domain_similarity""]",,method_atom,transfer_learning_fnirs,medium,ready,true,"Transfer learning: leverage pretrained models (EEG, fMRI, or large fNIRS corpus) for small target datasets. Freeze early layers, fine-tune later layers. Feature extraction mode: train only classifier head."
ATOM_hyperparameter_optimization,builtin,deep_learning,model_selection,hyperparameter_optimization,Hyperparameter Optimization for DL Models,model_optimization_slot,optimization,"{""type"": ""model_config_space + training_data""}","{""type"": ""OptimizationResults"", ""fields"": [""best_params"", ""best_score"", ""search_history"", ""optimization_curve""]}","{""method"": ""bayesian | random_search | grid_search"", ""n_trials"": 50, ""scoring"": ""accuracy | f1_weighted | roc_auc"", ""cv_folds"": 5, ""early_stopping_rounds"": 10, ""seed"": 42}","{""method"": ""candidate"", ""n_trials"": ""candidate"", ""scoring"": ""candidate""}",{},{},[],[],,method_atom,BayesianOptimization,high,ready,true,"Bayesian optimization (Optuna) or random search for DL hyperparameters. Tune learning rate, dropout, hidden size, layers. Early stopping prevents overfitting."
ATOM_model_interpretability,builtin,deep_learning,interpretation,model_interpretability,DL Model Interpretability (GradCAM / SHAP),interpretation_slot,interpretability,"{""type"": ""TrainedModel + InputData""}","{""type"": ""InterpretationResults"", ""fields"": [""feature_importance"", ""attention_weights"", ""gradcam_maps"", ""shap_values"", ""channel_importance_ranking""]}","{""method"": ""gradcam | shap | attention_weights | integrated_gradients"", ""target_layer"": ""last_conv | last_transformer_layer"", ""n_samples_shap"": 100}","{""method"": ""candidate"", ""target_layer"": ""candidate""}","{""has_trained_model"": true}",{},[],[],,method_atom,GradCAM_Selvaraju2017; SHAP_Lundberg2017,high,ready,true,GradCAM: gradient-weighted class activation mapping for CNN. SHAP: SHapley Additive exPlanations for any model. Attention weights: from Transformer layers. Essential for neuroscientific interpretation.
ATOM_subject_wise_cv,builtin,deep_learning,validation,subject_wise_cross_validation,Subject-Wise Cross-Validation,validation_slot,validation,"{""type"": ""Data + Labels + SubjectIDs""}","{""type"": ""CVResults"", ""fields"": [""fold_accuracies"", ""mean_accuracy"", ""std_accuracy"", ""confusion_matrix"", ""per_fold_predictions""]}","{""n_folds"": 5, ""strategy"": ""subject_wise | stratified_subject_wise | leave_one_out"", ""nested_cv"": true, ""outer_folds"": 5, ""inner_folds"": 3, ""seed"": 42}","{""n_folds"": ""candidate"", ""strategy"": ""candidate"", ""nested_cv"": ""candidate""}",{},{},"[""subject_ids""]",[],,method_atom,nested_cv_fnirs,high,ready,true,"Subject-wise CV: ensures no data leakage across subjects. Nested CV: outer loop for performance estimation, inner loop for hyperparameter tuning. Critical for fNIRS BCI."
ATOM_dl_short_channel_regression,builtin,deep_learning,preprocessing,dl_short_channel_prediction,DL-Based Short-Channel Signal Prediction,dl_preprocessing_slot,dl_preprocessing,"{""type"": ""HaemoglobinData + ShortChannelData""}","{""type"": ""CleanedHaemoglobinData"", ""fields"": [""corrected_hbo"", ""corrected_hbr"", ""predicted_scalp_signal""]}","{""model_type"": ""transformer | lstm | cnn"", ""prediction_horizon"": ""instantaneous"", ""loss_function"": ""mse | mae | huber"", ""training_mode"": ""offline | online""}","{""model_type"": ""candidate"", ""prediction_horizon"": ""candidate"", ""loss_function"": ""candidate""}","{""has_short_channels"": true}",{},"[""short_channel_labels""]",[],,method_atom,Transformer_fNIRS_short_channel,high,ready,true,DL predicts scalp signal from long channels using short channel features. More flexible than linear regression. Evidence: Transformer-based model for fNIRS short-channel prediction.
ATOM_domain_adaptation,builtin,deep_learning,classification,domain_adaptation,Cross-Subject Domain Adaptation,dl_model_slot,dl_adaptation,"{""type"": ""SourceData + TargetData + Labels""}","{""type"": ""AdaptedModel"", ""fields"": [""adapted_predictions"", ""adaptation_loss"", ""domain_divergence""]}","{""method"": ""dann | mmd | coral | adversarial"", ""lambda_adversarial"": 1.0, ""feature_extractor"": ""cnn | lstm | transformer"", ""classifier"": ""mlp"", ""epochs"": 100}","{""method"": ""candidate"", ""lambda_adversarial"": ""candidate""}","{""has_multi_subject_data"": true}",{},"[""subject_ids""]",[],,method_atom,DANN_Ganin2016; MMD_Distance,medium,ready,true,"Domain adaptation: reduce inter-subject variability. DANN (adversarial), MMD (maximum mean discrepancy), CORAL (correlation alignment). Critical for subject-independent BCI."
ATOM_ica_denoising,builtin,preprocessing,general,ica_denoising,ICA-Based Signal Denoising,motion_correction_slot,denoising,"{""type"": ""HaemoglobinData"", ""shape"": ""(n_timepoints, n_channels)""}","{""type"": ""DenoisedHaemoglobinData"", ""fields"": [""cleaned_signal"", ""removed_components""]}","{""algorithm"": ""fastica | sobi | jade | infomax | erbm"", ""n_components"": ""auto"", ""max_iter"": 200, ""tolerance"": 0.0001, ""whiteening"": ""pca | zca"", ""class_method"": ""automatic | manual"", ""artifact_threshold"": 2.0}","{""algorithm"": ""candidate"", ""n_components"": ""candidate"", ""class_method"": ""candidate""}",{},{},[],"[""confirm_artifact_components""]",,method_atom,NIRS_KIT_ICA; Hyvarinen1999_FastICA; Belouchrani1997_SOBI,high,ready,true,NIRS-KIT ICA: FastICA/SOBI/JADE/Infomax/ERBM. Separates artifact components. AIC/BIC for component selection.
ATOM_alff_falff,builtin,analysis,resting_state,alff_falff,ALFF / fALFF Amplitude Analysis,resting_connectivity_slot,amplitude_analysis,"{""type"": ""HaemoglobinData"", ""shape"": ""(n_subjects, n_timepoints, n_channels)""}","{""type"": ""ALFFResults"", ""fields"": [""alff_map"", ""falff_map""]}","{""low_freq_hz"": 0.01, ""high_freq_hz"": 0.08, ""method"": ""alff | falff | reho"", ""bandwidth"": ""full_band | slow_4 | slow_5""}","{""low_freq_hz"": ""reported"", ""high_freq_hz"": ""reported"", ""method"": ""candidate""}","{""resting_state"": true}",{},"[""sampling_rate""]",[],,method_atom,Zang2007_ALFF; NIRS_KIT_ALFF,high,ready,true,NIRS-KIT ALFF: sum of sqrt(power spectrum) in 0.01-0.08Hz. fALFF = ALFF/total power. Zang et al. 2007.
ATOM_cbsi_correction,builtin,preprocessing,general,cbsi_correction,CBSI Motion Correction,motion_correction_slot,motion_correction,"{""type"": ""HaemoglobinData"", ""shape"": ""(n_timepoints, n_channels)""}","{""type"": ""CorrectedHaemoglobinData"", ""fields"": [""corrected_hbo"", ""corrected_hbr""]}","{""alpha"": 0.6, ""method"": ""cbsi | cbsi_plus"", ""apply_to"": ""hbo_and_hbr | hbo_only""}","{""alpha"": ""reported"", ""method"": ""candidate""}",{},{},[],[],,method_atom,Tan2009_CBSI; NIRS_KIT_CBSI,high,ready,true,NIRS-KIT CBSI: exploits HbO-HbR anti-correlation during motion. alpha=0.6. Tan et al. 2009.
ATOM_3d_mni_registration,builtin,preprocessing,general,mni_registration,3D MNI Coordinate Registration,spatial_registration_slot,registration,"{""type"": ""ChannelPositions"", ""fields"": [""channel_names"", ""source_positions"", ""detector_positions""]}","{""type"": ""RegisteredChannels"", ""fields"": [""mni_coordinates"", ""anatomical_labels"", ""brodmann_areas""]}","{""atlas"": ""MNI152 | AAL | Brodmann | DK"", ""interpolation"": ""nearest | linear"", ""head_model"": ""adult_average | infant | custom"", ""probe_registration"": ""manual | automatic""}","{""atlas"": ""candidate"", ""interpolation"": ""candidate"", ""head_model"": ""candidate""}",{},{},"[""channel_positions"", ""probe_geometry""]",[],,method_atom,NIRS_KIT_TBA; nfri_mni_estimation,high,ready,true,"NIRS-KIT TBA: 3D head reconstruction, MNI estimation, anatomical labeling. Uses cortical point cloud."
ATOM_mutual_information,builtin,analysis,resting_state,mutual_information,Mutual Information Connectivity,resting_connectivity_slot,information_theory,"{""type"": ""HaemoglobinData"", ""shape"": ""(n_timepoints, n_channels)""}","{""type"": ""MIResults"", ""fields"": [""mi_matrix"", ""conditional_entropy_matrix"", ""transfer_entropy_matrix""]}","{""method"": ""unbiased | mmse | biased | kernel"", ""bins"": 16, ""lag"": 1, ""embedding_dim"": 1, ""base"": ""e""}","{""method"": ""candidate"", ""bins"": ""candidate"", ""lag"": ""candidate""}",{},{},[],[],,method_atom,NIRS_KIT_InfoTheory; Kraskov2004_KernelMI,high,ready,true,"NIRS-KIT Info Theory: MI, conditional entropy, transfer entropy. Non-linear channel coupling. Kernel estimation."
ATOM_dpf_calculation,builtin,preprocessing,general,dpf_calculation,DPF Calculation,preprocessing_config_slot,config,"{""type"": ""AcquisitionParameters"", ""fields"": [""wavelengths_nm"", ""sd_distance_mm"", ""age_years""]}","{""type"": ""DPFResult"", ""fields"": [""dpf_values"", ""corrected_pathlengths""]}","{""formula"": ""scholkmann2014 | duncan1995 | CONTIN"", ""age_group"": ""adult | neonate | infant"", ""wavelength_nm"": """", ""sd_distance_mm"": """"}","{""formula"": ""candidate"", ""age_group"": ""candidate""}",{},{},"[""wavelengths"", ""sd_distance"", ""age""]",[],,method_atom,NIRS_KIT_CalcDPF; Scholkmann2014_DPF,high,ready,true,NIRS-KIT CalcDPF: wavelength-dependent DPF. Scholkmann 2014: DPF = a + b*age + c*age^2.
ATOM_graph_theory_metrics,builtin,analysis,resting_state,graph_theory_metrics,Graph Theory Network Metrics,network_analysis_slot,graph_analysis,"{""type"": ""ConnectivityMatrix""}","{""type"": ""GraphResults"", ""fields"": [""node_degree"", ""clustering_coefficient"", ""path_length"", ""efficiency"", ""modularity"", ""small_worldness""]}","{""metrics"": [""degree"", ""clustering"", ""path_length"", ""efficiency"", ""modularity"", ""small_world"", ""rich_club"", ""assortativity""], ""threshold_method"": ""absolute | proportional | sparsity"", ""threshold_value"": 0.3, ""binary"": false}","{""metrics"": ""candidate"", ""threshold_method"": ""candidate"", ""threshold_value"": ""candidate""}","{""has_connectivity_matrix"": true}",{},"[""channel_labels""]",[],,method_atom,NIRS_KIT_graph; Rubinov2010_GraphMetrics,high,ready,true,"NIRS-KIT graph theory: degree, clustering, path length, efficiency, modularity, small-world, rich-club, assortativity. Rubinov & Sporns 2010."
ATOM_fisher_z_transform,builtin,analysis,resting_state,fisher_z_transform,Fisher Z Transform,postprocessing_slot,normalization,"{""type"": ""ConnectivityMatrix"", ""fields"": [""correlation_values""]}","{""type"": ""NormalizedConnectivityMatrix"", ""fields"": [""z_values""]}","{""direction"": ""forward | inverse"", ""method"": ""fisher_z | atanh""}","{""direction"": ""candidate""}",{},{},[],[],,method_atom,NIRS_KIT_fisherz; Fisher1921,high,ready,true,NIRS-KIT fisherztrans: z = arctanh(r). Normalizes correlation for group statistics.
ATOM_signal_separation,builtin,preprocessing,general,signal_separation,Functional-Systemic Signal Separation,preprocessing_slot,signal_separation,"{""type"": ""HaemoglobinData"", ""shape"": ""(n_timepoints, n_channels)""}","{""type"": ""SeparatedSignals"", ""fields"": [""functional_component_ks"", ""systemic_component_kf""]}","{""method"": ""yamada_2012"", ""kf"": -0.6, ""step"": 0.05, ""apply_to"": ""hbo_and_hbr""}","{""method"": ""reported"", ""kf"": ""reported"", ""step"": ""reported""}",{},{},[],[],,method_atom,Yamada2012_SignalSeparation; NIRS_KIT_Yamada,high,ready,true,NIRS-KIT Yamada: separates functional (kf) and systemic (ks) components via HbO-HbR anti-correlation. Yamada et al. 2012.
